{
    "num_sparks": [
        7.0,
        7.0
    ],
    "conal_latitudes": [
        0.01,
        13.013989110196869
    ],
    "spark_rotation_axis_polar_att0": [
        45,
        308.3468101703929
    ],
    "drift_vel": 1.0198217994380572,
    "spark_dimension": 0.11348121293321153,
    "spark_mid_freqs": [
        0.5,
        1.0
    ],
    "spark_flux_powers": [
        10.0,
        10.0
    ],
    "direction": [
        0.6351531280775108,
        0.6405735308117083,
        0.4315623425610426
    ],
    "dm_homogeneous": 2.747819597356873,
    "scintillation_index_homo": 0.0,
    "std_dm": 0.2,
    "std_scintillation_index": 100
}