{
    "num_sparks": [
        7.0,
        7.0
    ],
    "conal_latitudes": [
        0.01,
        14.002565269075072
    ],
    "spark_rotation_axis_polar_att0": [
        45,
        68.1471061965695
    ],
    "drift_vel": 0.4780081516714142,
    "spark_dimension": 0.12210816737278316,
    "spark_mid_freqs": [
        0.5,
        1.0
    ],
    "spark_flux_powers": [
        10.0,
        10.0
    ],
    "direction": [
        0.4146590946552536,
        0.5107807564179533,
        0.7531008259806843
    ],
    "dm_homogeneous": 2.2632341842746886,
    "scintillation_index_homo": 140.47435647336061,
    "std_dm": 0.2,
    "std_scintillation_index": 100
}