{
    "num_sparks": [
        7.0,
        6.0
    ],
    "conal_latitudes": [
        0.01,
        18.950771643057053
    ],
    "spark_rotation_axis_polar_att0": [
        45,
        88.74848822090978
    ],
    "drift_vel": 0.9191850592050386,
    "spark_dimension": 0.16528941401986086,
    "spark_mid_freqs": [
        0.5,
        1.0
    ],
    "spark_flux_powers": [
        10.0,
        10.0
    ],
    "direction": [
        0.6844990500161797,
        -0.3936903630635215,
        0.6135706549028075
    ],
    "dm_homogeneous": 2.801185319846018,
    "scintillation_index_homo": 83.76638625848419,
    "std_dm": 0.2,
    "std_scintillation_index": 100
}