{
    "num_sparks": [
        7.0,
        6.0
    ],
    "conal_latitudes": [
        0.01,
        17.598471092616723
    ],
    "spark_rotation_axis_polar_att0": [
        45,
        33.901803822197635
    ],
    "drift_vel": 1.4532357659915933,
    "spark_dimension": 0.15348836547900316,
    "spark_mid_freqs": [
        0.5,
        1.0
    ],
    "spark_flux_powers": [
        10.0,
        10.0
    ],
    "direction": [
        0.6852067350231035,
        0.7132057474503609,
        0.1477473928120246
    ],
    "dm_homogeneous": 2.7409002293338083,
    "scintillation_index_homo": 141.47548016287908,
    "std_dm": 0.2,
    "std_scintillation_index": 100
}