{
    "num_sparks": [
        7.0,
        7.0
    ],
    "conal_latitudes": [
        0.01,
        9.800935769215249
    ],
    "spark_rotation_axis_polar_att0": [
        45,
        42.23020989777999
    ],
    "drift_vel": 0.845102446146645,
    "spark_dimension": 0.08544203301204488,
    "spark_mid_freqs": [
        0.5,
        1.0
    ],
    "spark_flux_powers": [
        10.0,
        10.0
    ],
    "direction": [
        0.7217584703720278,
        0.25998312408457797,
        0.6414619907971585
    ],
    "dm_homogeneous": 2.3616173489506034,
    "scintillation_index_homo": 9.982261824959082,
    "std_dm": 0.2,
    "std_scintillation_index": 100
}