{
    "num_sparks": [
        7.0,
        7.0
    ],
    "conal_latitudes": [
        0.01,
        12.617406266693985
    ],
    "spark_rotation_axis_polar_att0": [
        45,
        54.37804555458899
    ],
    "drift_vel": 1.5952152564815267,
    "spark_dimension": 0.11002037474518818,
    "spark_mid_freqs": [
        0.5,
        1.0
    ],
    "spark_flux_powers": [
        10.0,
        10.0
    ],
    "direction": [
        0.35101137327146176,
        -0.6257248611307091,
        0.6966056373566303
    ],
    "dm_homogeneous": 2.480192283445725,
    "scintillation_index_homo": 28.676542702654444,
    "std_dm": 0.2,
    "std_scintillation_index": 100
}