{
    "num_sparks": [
        7.0,
        7.0
    ],
    "conal_latitudes": [
        0.01,
        15.14776749790855
    ],
    "spark_rotation_axis_polar_att0": [
        45,
        136.82837381689478
    ],
    "drift_vel": 1.2530245687699932,
    "spark_dimension": 0.132101942119944,
    "spark_mid_freqs": [
        0.5,
        1.0
    ],
    "spark_flux_powers": [
        10.0,
        10.0
    ],
    "direction": [
        0.7076772334249838,
        -0.5149241123714853,
        0.4837831040770223
    ],
    "dm_homogeneous": 2.715016618475991,
    "scintillation_index_homo": 120.39275156767721,
    "std_dm": 0.2,
    "std_scintillation_index": 100
}