{
    "num_sparks": [
        7.0,
        6.0
    ],
    "conal_latitudes": [
        0.01,
        22.336612902788165
    ],
    "spark_rotation_axis_polar_att0": [
        45,
        39.64891380098195
    ],
    "drift_vel": 0.5347708589024682,
    "spark_dimension": 0.19483645298595106,
    "spark_mid_freqs": [
        0.5,
        1.0
    ],
    "spark_flux_powers": [
        10.0,
        10.0
    ],
    "direction": [
        0.8015554408411102,
        -0.28724233440435804,
        0.5244051073206174
    ],
    "dm_homogeneous": 2.814050876398789,
    "scintillation_index_homo": 135.83073268815525,
    "std_dm": 0.2,
    "std_scintillation_index": 100
}