{
    "num_sparks": [
        7.0,
        7.0
    ],
    "conal_latitudes": [
        0.01,
        15.663524747087616
    ],
    "spark_rotation_axis_polar_att0": [
        45,
        261.15253600295523
    ],
    "drift_vel": 1.7400992575697476,
    "spark_dimension": 0.13660277318954578,
    "spark_mid_freqs": [
        0.5,
        1.0
    ],
    "spark_flux_powers": [
        10.0,
        10.0
    ],
    "direction": [
        0.023362544766959748,
        0.8741757393240106,
        0.4850473876636503
    ],
    "dm_homogeneous": 2.247450328524093,
    "scintillation_index_homo": 134.88851776719704,
    "std_dm": 0.2,
    "std_scintillation_index": 100
}