{
    "num_sparks": [
        7.0,
        7.0
    ],
    "conal_latitudes": [
        0.01,
        13.307132046179843
    ],
    "spark_rotation_axis_polar_att0": [
        45,
        291.34770580367586
    ],
    "drift_vel": 1.1822030441836864,
    "spark_dimension": 0.11603936763914446,
    "spark_mid_freqs": [
        0.5,
        1.0
    ],
    "spark_flux_powers": [
        10.0,
        10.0
    ],
    "direction": [
        0.2287242780891337,
        0.42205978338865746,
        0.8772404139450737
    ],
    "dm_homogeneous": 2.786602002844282,
    "scintillation_index_homo": 113.16945290538574,
    "std_dm": 0.2,
    "std_scintillation_index": 100
}