{
    "num_sparks": [
        7.0,
        6.0
    ],
    "conal_latitudes": [
        0.01,
        20.434435914883544
    ],
    "spark_rotation_axis_polar_att0": [
        45,
        314.50104122247984
    ],
    "drift_vel": 0.6332616883282324,
    "spark_dimension": 0.17823682728864906,
    "spark_mid_freqs": [
        0.5,
        1.0
    ],
    "spark_flux_powers": [
        10.0,
        10.0
    ],
    "direction": [
        0.5393993243876467,
        0.12402945768657545,
        0.8328655728724319
    ],
    "dm_homogeneous": 2.8265388059233927,
    "scintillation_index_homo": 134.066199147918,
    "std_dm": 0.2,
    "std_scintillation_index": 100
}