{
    "num_sparks": [
        7.0,
        7.0
    ],
    "conal_latitudes": [
        0.01,
        9.809068705753656
    ],
    "spark_rotation_axis_polar_att0": [
        45,
        81.74544253954464
    ],
    "drift_vel": 0.9514453425474948,
    "spark_dimension": 0.08551300627227036,
    "spark_mid_freqs": [
        0.5,
        1.0
    ],
    "spark_flux_powers": [
        10.0,
        10.0
    ],
    "direction": [
        0.5921616240848526,
        -0.4377310546201734,
        0.6765619962592492
    ],
    "dm_homogeneous": 2.671739731100465,
    "scintillation_index_homo": 0.0,
    "std_dm": 0.2,
    "std_scintillation_index": 100
}