{
    "num_sparks": [
        7.0,
        7.0
    ],
    "conal_latitudes": [
        0.01,
        8.157191187413698
    ],
    "spark_rotation_axis_polar_att0": [
        45,
        71.38968133272246
    ],
    "drift_vel": 1.5945392583571505,
    "spark_dimension": 0.07109765550491771,
    "spark_mid_freqs": [
        0.5,
        1.0
    ],
    "spark_flux_powers": [
        10.0,
        10.0
    ],
    "direction": [
        0.583826465551121,
        0.010295803417863717,
        0.8118131894432771
    ],
    "dm_homogeneous": 2.7940741162824905,
    "scintillation_index_homo": 169.25765321655916,
    "std_dm": 0.2,
    "std_scintillation_index": 100
}