{
    "num_sparks": [
        7.0,
        7.0
    ],
    "conal_latitudes": [
        0.01,
        9.322811974092064
    ],
    "spark_rotation_axis_polar_att0": [
        45,
        37.495887549927865
    ],
    "drift_vel": 1.1184937482516581,
    "spark_dimension": 0.08126961578352969,
    "spark_mid_freqs": [
        0.5,
        1.0
    ],
    "spark_flux_powers": [
        10.0,
        10.0
    ],
    "direction": [
        0.1867365067913624,
        0.5015065817795459,
        0.8447606912393327
    ],
    "dm_homogeneous": 2.463444271916452,
    "scintillation_index_homo": 107.74026395976523,
    "std_dm": 0.2,
    "std_scintillation_index": 100
}