{
    "num_sparks": [
        7.0,
        7.0
    ],
    "conal_latitudes": [
        0.01,
        15.66700081673732
    ],
    "spark_rotation_axis_polar_att0": [
        45,
        200.89707235922106
    ],
    "drift_vel": 1.2364725392073252,
    "spark_dimension": 0.13663310761975375,
    "spark_mid_freqs": [
        0.5,
        1.0
    ],
    "spark_flux_powers": [
        10.0,
        10.0
    ],
    "direction": [
        0.819831735068156,
        0.5244373265897248,
        0.22987260962228426
    ],
    "dm_homogeneous": 2.467733072936254,
    "scintillation_index_homo": 0.0,
    "std_dm": 0.2,
    "std_scintillation_index": 100
}