{
    "num_sparks": [
        7.0,
        6.0
    ],
    "conal_latitudes": [
        0.01,
        23.560650583938855
    ],
    "spark_rotation_axis_polar_att0": [
        45,
        236.70035548126205
    ],
    "drift_vel": 1.2858793667276829,
    "spark_dimension": 0.2055181968382291,
    "spark_mid_freqs": [
        0.5,
        1.0
    ],
    "spark_flux_powers": [
        10.0,
        10.0
    ],
    "direction": [
        0.7604032236970523,
        -0.22717668584999806,
        0.608422296433441
    ],
    "dm_homogeneous": 2.655796649746726,
    "scintillation_index_homo": 0.0,
    "std_dm": 0.2,
    "std_scintillation_index": 100
}