{
    "num_sparks": [
        7.0,
        7.0
    ],
    "conal_latitudes": [
        0.01,
        16.03362072715078
    ],
    "spark_rotation_axis_polar_att0": [
        45,
        127.90939634526804
    ],
    "drift_vel": 0.9243503908012523,
    "spark_dimension": 0.1398324698897945,
    "spark_mid_freqs": [
        0.5,
        1.0
    ],
    "spark_flux_powers": [
        10.0,
        10.0
    ],
    "direction": [
        0.29225538970762593,
        0.11655877091331207,
        0.9492106405377164
    ],
    "dm_homogeneous": 2.980394382707152,
    "scintillation_index_homo": 80.02164647499464,
    "std_dm": 0.2,
    "std_scintillation_index": 100
}