{
    "num_sparks": [
        7.0,
        7.0
    ],
    "conal_latitudes": [
        0.01,
        11.902769706431465
    ],
    "spark_rotation_axis_polar_att0": [
        45,
        50.991294311882186
    ],
    "drift_vel": 0.7650746535830016,
    "spark_dimension": 0.10378399427933425,
    "spark_mid_freqs": [
        0.5,
        1.0
    ],
    "spark_flux_powers": [
        10.0,
        10.0
    ],
    "direction": [
        0.31207004467074345,
        0.2875571291466892,
        0.9054960986642154
    ],
    "dm_homogeneous": 2.4030490566235443,
    "scintillation_index_homo": 0.0,
    "std_dm": 0.2,
    "std_scintillation_index": 100
}