{
    "num_sparks": [
        7.0,
        7.0
    ],
    "conal_latitudes": [
        0.01,
        11.540906056090435
    ],
    "spark_rotation_axis_polar_att0": [
        45,
        152.59068352994817
    ],
    "drift_vel": 1.1156492646478737,
    "spark_dimension": 0.10062613820846601,
    "spark_mid_freqs": [
        0.5,
        1.0
    ],
    "spark_flux_powers": [
        10.0,
        10.0
    ],
    "direction": [
        -0.06152747985433162,
        0.8305172873948707,
        0.5535841440657785
    ],
    "dm_homogeneous": 2.704002746541813,
    "scintillation_index_homo": 0.0,
    "std_dm": 0.2,
    "std_scintillation_index": 100
}