{
    "num_sparks": [
        7.0,
        7.0
    ],
    "conal_latitudes": [
        0.01,
        12.550711942568524
    ],
    "spark_rotation_axis_polar_att0": [
        45,
        234.48605546168415
    ],
    "drift_vel": 0.866555564580328,
    "spark_dimension": 0.1094383569709974,
    "spark_mid_freqs": [
        0.5,
        1.0
    ],
    "spark_flux_powers": [
        10.0,
        10.0
    ],
    "direction": [
        0.04893043713223931,
        -0.9097689453624593,
        0.41222115226674944
    ],
    "dm_homogeneous": 2.678417933878287,
    "scintillation_index_homo": 102.56048624114749,
    "std_dm": 0.2,
    "std_scintillation_index": 100
}