{
    "num_sparks": [
        7.0,
        6.0
    ],
    "conal_latitudes": [
        0.01,
        17.419911586138415
    ],
    "spark_rotation_axis_polar_att0": [
        45,
        164.711149196819
    ],
    "drift_vel": 0.7792245691116952,
    "spark_dimension": 0.15193013982961184,
    "spark_mid_freqs": [
        0.5,
        1.0
    ],
    "spark_flux_powers": [
        10.0,
        10.0
    ],
    "direction": [
        0.719417304624085,
        -0.5045542480103888,
        0.477350764765374
    ],
    "dm_homogeneous": 2.842268038076332,
    "scintillation_index_homo": 231.78850337741682,
    "std_dm": 0.2,
    "std_scintillation_index": 100
}