{
    "num_sparks": [
        7.0,
        7.0
    ],
    "conal_latitudes": [
        0.01,
        12.053903457840557
    ],
    "spark_rotation_axis_polar_att0": [
        45,
        41.45021955273216
    ],
    "drift_vel": 1.151117051776488,
    "spark_dimension": 0.1051028850658239,
    "spark_mid_freqs": [
        0.5,
        1.0
    ],
    "spark_flux_powers": [
        10.0,
        10.0
    ],
    "direction": [
        0.47998772241593096,
        0.12753008487334105,
        0.8679561416236223
    ],
    "dm_homogeneous": 2.4018492058899286,
    "scintillation_index_homo": 85.38439745243795,
    "std_dm": 0.2,
    "std_scintillation_index": 100
}