{
    "num_sparks": [
        7.0,
        7.0
    ],
    "conal_latitudes": [
        0.01,
        14.367382812090463
    ],
    "spark_rotation_axis_polar_att0": [
        45,
        86.95725050852229
    ],
    "drift_vel": 1.2226659673436344,
    "spark_dimension": 0.12529180102011048,
    "spark_mid_freqs": [
        0.5,
        1.0
    ],
    "spark_flux_powers": [
        10.0,
        10.0
    ],
    "direction": [
        0.8334557440488353,
        0.44876352383251333,
        0.3224326633413988
    ],
    "dm_homogeneous": 2.260965684712624,
    "scintillation_index_homo": 96.36748025376019,
    "std_dm": 0.2,
    "std_scintillation_index": 100
}