{
    "num_sparks": [
        7.0,
        7.0
    ],
    "conal_latitudes": [
        0.01,
        11.412336408014513
    ],
    "spark_rotation_axis_polar_att0": [
        45,
        246.1596911277917
    ],
    "drift_vel": 1.119269793706011,
    "spark_dimension": 0.0995041563699384,
    "spark_mid_freqs": [
        0.5,
        1.0
    ],
    "spark_flux_powers": [
        10.0,
        10.0
    ],
    "direction": [
        -0.3781374535406841,
        0.01937727373659026,
        0.9255466425266229
    ],
    "dm_homogeneous": 2.4617220453833895,
    "scintillation_index_homo": 0.0,
    "std_dm": 0.2,
    "std_scintillation_index": 100
}