{
    "num_sparks": [
        7.0,
        7.0
    ],
    "conal_latitudes": [
        0.01,
        15.044211953719556
    ],
    "spark_rotation_axis_polar_att0": [
        45,
        138.4490888034287
    ],
    "drift_vel": 1.4350599618694875,
    "spark_dimension": 0.1311982495175478,
    "spark_mid_freqs": [
        0.5,
        1.0
    ],
    "spark_flux_powers": [
        10.0,
        10.0
    ],
    "direction": [
        0.08150962006178956,
        0.9900131629509845,
        0.11502225446047411
    ],
    "dm_homogeneous": 2.566002364369268,
    "scintillation_index_homo": 109.71499903573358,
    "std_dm": 0.2,
    "std_scintillation_index": 100
}