{
    "num_sparks": [
        7.0,
        7.0
    ],
    "conal_latitudes": [
        0.01,
        16.177953689796265
    ],
    "spark_rotation_axis_polar_att0": [
        45,
        20.694265623678014
    ],
    "drift_vel": 1.2937317009610447,
    "spark_dimension": 0.14109201259845536,
    "spark_mid_freqs": [
        0.5,
        1.0
    ],
    "spark_flux_powers": [
        10.0,
        10.0
    ],
    "direction": [
        0.6808151856762445,
        0.06584666613772253,
        0.7294894786843522
    ],
    "dm_homogeneous": 2.3804969003449323,
    "scintillation_index_homo": 0.0,
    "std_dm": 0.2,
    "std_scintillation_index": 100
}