{
    "num_sparks": [
        7.0,
        7.0
    ],
    "conal_latitudes": [
        0.01,
        12.407493417175083
    ],
    "spark_rotation_axis_polar_att0": [
        45,
        179.97865914583073
    ],
    "drift_vel": 0.8833749380801335,
    "spark_dimension": 0.10818853956201406,
    "spark_mid_freqs": [
        0.5,
        1.0
    ],
    "spark_flux_powers": [
        10.0,
        10.0
    ],
    "direction": [
        0.40537982873516704,
        -0.25473277408715717,
        0.8779398659706187
    ],
    "dm_homogeneous": 2.850310619511869,
    "scintillation_index_homo": 22.06618140899033,
    "std_dm": 0.2,
    "std_scintillation_index": 100
}