{
    "num_sparks": [
        7.0,
        7.0
    ],
    "conal_latitudes": [
        0.01,
        14.183847212029974
    ],
    "spark_rotation_axis_polar_att0": [
        45,
        342.140819359929
    ],
    "drift_vel": 1.0266770272462655,
    "spark_dimension": 0.12369015076227095,
    "spark_mid_freqs": [
        0.5,
        1.0
    ],
    "spark_flux_powers": [
        10.0,
        10.0
    ],
    "direction": [
        0.8646130749299875,
        0.25511254753647605,
        0.4328531145198807
    ],
    "dm_homogeneous": 2.8233595828238736,
    "scintillation_index_homo": 52.385351415495904,
    "std_dm": 0.2,
    "std_scintillation_index": 100
}