{
    "num_sparks": [
        7.0,
        7.0
    ],
    "conal_latitudes": [
        0.01,
        17.099624979218095
    ],
    "spark_rotation_axis_polar_att0": [
        45,
        331.84657458306754
    ],
    "drift_vel": 1.5289966247715538,
    "spark_dimension": 0.1491351119092116,
    "spark_mid_freqs": [
        0.5,
        1.0
    ],
    "spark_flux_powers": [
        10.0,
        10.0
    ],
    "direction": [
        0.910530532762764,
        0.2585201054020016,
        0.32264764683737446
    ],
    "dm_homogeneous": 2.716015741262361,
    "scintillation_index_homo": 130.77254739273425,
    "std_dm": 0.2,
    "std_scintillation_index": 100
}