{
    "num_sparks": [
        7.0,
        7.0
    ],
    "conal_latitudes": [
        0.01,
        15.565201981875958
    ],
    "spark_rotation_axis_polar_att0": [
        45,
        57.96640563047882
    ],
    "drift_vel": 0.9771942813832527,
    "spark_dimension": 0.1357447451982414,
    "spark_mid_freqs": [
        0.5,
        1.0
    ],
    "spark_flux_powers": [
        10.0,
        10.0
    ],
    "direction": [
        0.21086710394830105,
        -0.3706562111592315,
        0.9045159134042582
    ],
    "dm_homogeneous": 2.749517668015944,
    "scintillation_index_homo": 188.66875900149742,
    "std_dm": 0.2,
    "std_scintillation_index": 100
}