{
    "num_sparks": [
        7.0,
        7.0
    ],
    "conal_latitudes": [
        0.01,
        14.35111896205955
    ],
    "spark_rotation_axis_polar_att0": [
        45,
        293.32275213128435
    ],
    "drift_vel": 0.6189806340795736,
    "spark_dimension": 0.12514987215406545,
    "spark_mid_freqs": [
        0.5,
        1.0
    ],
    "spark_flux_powers": [
        10.0,
        10.0
    ],
    "direction": [
        0.7113545157061205,
        0.07928142509335827,
        0.6983474841507464
    ],
    "dm_homogeneous": 2.5935071406826675,
    "scintillation_index_homo": 0.0,
    "std_dm": 0.2,
    "std_scintillation_index": 100
}