{
    "num_sparks": [
        7.0,
        7.0
    ],
    "conal_latitudes": [
        0.01,
        11.844702914988138
    ],
    "spark_rotation_axis_polar_att0": [
        45,
        330.8571359800754
    ],
    "drift_vel": 1.1916929231054154,
    "spark_dimension": 0.10327726593095679,
    "spark_mid_freqs": [
        0.5,
        1.0
    ],
    "spark_flux_powers": [
        10.0,
        10.0
    ],
    "direction": [
        0.8769380412511115,
        0.12296531701902944,
        0.4646065029862081
    ],
    "dm_homogeneous": 2.381169836357107,
    "scintillation_index_homo": 74.13989303322381,
    "std_dm": 0.2,
    "std_scintillation_index": 100
}