{
    "num_sparks": [
        7.0,
        7.0
    ],
    "conal_latitudes": [
        0.01,
        11.938302521190604
    ],
    "spark_rotation_axis_polar_att0": [
        45,
        12.59702653026034
    ],
    "drift_vel": 0.766719921172619,
    "spark_dimension": 0.10409407658435836,
    "spark_mid_freqs": [
        0.5,
        1.0
    ],
    "spark_flux_powers": [
        10.0,
        10.0
    ],
    "direction": [
        0.428844669946404,
        0.3157278367669037,
        0.8464089922425512
    ],
    "dm_homogeneous": 2.7463012650419563,
    "scintillation_index_homo": 109.33501867012515,
    "std_dm": 0.2,
    "std_scintillation_index": 100
}